step,timestamp,server_id,utilization,t_in,t_out,t_chip,power,fan_speed
1,1774113787.439553,0,0.5767239888529435,22.0,24.50005719665588,25.125071495819853,293.017196655883,0.3
2,1774113787.439754,0,0.5239857887016706,22.0,24.57624833465525,25.220310418319063,277.19573661050117,0.3
3,1774113787.439907,0,0.5906057572020582,22.0,24.666299695709586,25.332874619636982,297.18172716061747,0.3
4,1774113787.440051,0,0.664734237950424,22.0,24.771349471559663,25.464186839449578,319.4202713851272,0.3
5,1774113787.440208,0,0.5177304765744378,22.0,24.823852117018596,25.529815146273247,275.31914297233135,0.3
6,1774113787.450393,0,0.5183312457725096,22.0,24.872313780542054,25.59039222567757,275.4993737317528,0.3
7,1774113787.450615,0,0.6712517168913875,22.0,24.96275526765389,25.703444084567362,321.37551506741625,0.3
8,1774113787.450761,0,0.6036610880890964,22.0,25.025648070561246,25.782060088201558,301.09832642672893,0.3
9,1774113787.450932,0,0.5003590332196144,22.0,25.052493675654006,25.815617094567507,270.1077099658843,0.3
10,1774113787.45108,0,0.5859677566131017,22.0,25.102863511115352,25.87857938889419,295.7903269839305,0.3
11,1774113787.461095,0,0.5020629188025628,22.0,25.12401216046245,25.90501520057806,270.6188756407688,0.3
12,1774113787.461263,0,0.5024653987503289,22.0,25.143581202386365,25.929476502982958,270.73961962509867,0.3
13,1774113787.461424,0,0.5625075632488821,22.0,25.179589542689165,25.974486928361458,288.7522689746646,0.3
14,1774113787.461572,0,0.38206250800592667,22.0,25.158569295858733,25.948211619823418,234.618752401778,0.3
15,1774113787.461729,0,0.39847948894755947,22.0,25.14416417115596,25.93020521394495,239.54384668426783,0.3
16,1774113787.658303,0,0.49673413549217427,22.0,25.160393612442675,25.950492015553344,269.02024064765226,0.3
17,1774113787.658467,0,0.4594812782887632,22.0,25.164142349488912,25.95517793686114,257.84438348662894,0.3
18,1774113787.658616,0,0.5715477168820228,22.0,25.201209619654612,26.001512024568264,291.4643150646068,0.3
19,1774113787.658756,0,0.4694677520617677,22.0,25.204672691852913,26.00584086481614,260.8403256185303,0.3
20,1774113787.658895,0,0.42769802278642555,22.0,25.195326414263867,25.994158017829832,248.30940683592766,0.3
21,1774113787.731166,0,0.6700346564371142,22.0,25.259432567488183,26.07429070936023,321.01039693113427,0.3
22,1774113787.731332,0,0.528542384749897,22.0,25.275936904487104,26.094921130608878,278.5627154249691,0.3
23,1774113787.731487,0,0.5537661465786378,22.0,25.29868142133993,26.123351776674912,286.12984397359133,0.3
24,1774113787.731642,0,0.428999803770181,22.0,25.282167376195254,26.102709220244066,248.6999411310543,0.3
25,1774113787.731789,0,0.5035340087255128,22.0,25.289341321766805,26.11167665220851,271.06020261765383,0.3
26,1774113787.800845,0,0.5591617350909002,22.0,25.312626800024027,26.140783500030032,287.74852052727005,0.3
27,1774113787.801024,0,0.45374137261005587,22.0,25.30241401708511,26.128017521356387,256.1224117830168,0.3
28,1774113787.80118,0,0.5825625197423663,22.0,25.331668686034178,26.164585857542722,294.7687559227099,0.3
29,1774113787.801331,0,0.5011276889606672,22.0,25.33414083036523,26.167676037956536,270.3383066882002,0.3
30,1774113787.801481,0,0.5276548585236549,22.0,25.34437236516096,26.180465456451202,278.29645755709646,0.3
31,1774113787.866873,0,0.502187856972411,22.0,25.346141184093746,26.18267648011718,270.6563570917233,0.3
32,1774113787.867038,0,0.7088948856853573,22.0,25.409779898598213,26.262224873247767,332.6684657056072,0.3
33,1774113787.867189,0,0.5527402267589806,22.0,25.421455662778612,26.276819578473265,285.8220680276942,0.3
34,1774113787.867327,0,0.46559486367139646,22.0,25.40604908659263,26.25756135824079,259.678459101419,0.3
35,1774113787.867486,0,0.6241029981451167,22.0,25.439433639474117,26.299292049342647,307.230899443535,0.3
36,1774113787.91975,0,0.4530230018497612,22.0,25.418810075415326,26.273512594269157,255.90690055492837,0.3
37,1774113787.919903,0,0.5736809959769049,22.0,25.436042044145005,26.295052555181258,292.1042987930715,0.3
38,1774113787.920062,0,0.3920846355119966,22.0,25.397409654449348,26.246762068061685,237.62539065359897,0.3
39,1774113787.920212,0,0.4456876000573108,22.0,25.37796419824881,26.222455247811016,253.70628001719322,0.3
40,1774113787.920355,0,0.574347648720396,22.0,25.39868017132573,26.24835021415716,292.3042946161188,0.3
41,1774113787.974099,0,0.6203962932581335,22.0,25.43154517352858,26.289431466910724,306.11888797744007,0.3
42,1774113787.974252,0,0.5733114952990229,22.0,25.447642390166585,26.309552987708233,291.9934485897069,0.3
43,1774113787.974416,0,0.549751171462962,22.0,25.45537729343608,26.3192216167951,284.9253514388886,0.3
44,1774113787.974573,0,0.5347195377162524,22.0,25.457980820358696,26.32247602544837,280.4158613148757,0.3
45,1774113787.974713,0,0.43636052071309617,22.0,25.430867318615785,26.28858414826973,250.90815621392886,0.3
46,1774113788.022046,0,0.5006310185415184,22.0,25.42521489176153,26.281518614701913,270.1893055624555,0.3
47,1774113788.022206,0,0.5229432296573091,22.0,25.426710583361096,26.28338822920137,276.88296889719277,0.3
48,1774113788.022357,0,0.650971444125133,22.0,25.466494485696405,26.333118107120505,315.2914332375399,0.3
49,1774113788.022511,0,0.5915706868562397,22.0,25.485259535103285,26.356574418879106,297.4712060568719,0.3
50,1774113788.022648,0,0.4151421802397999,22.0,25.449587322552922,26.31198415319115,244.54265407193998,0.3
51,1774113788.071779,0,0.5909885857454149,22.0,25.46953707754329,26.336921346929113,297.29657572362447,0.3
52,1774113788.071937,0,0.5319437232580039,22.0,25.47016941348621,26.337711766857765,279.5831169774012,0.3
53,1774113788.072081,0,0.5079513602449237,22.0,25.4635532007154,26.329441500894248,272.38540807347715,0.3
54,1774113788.072231,0,0.6167128087349237,22.0,25.49009736599836,26.362621707497947,305.01384262047713,0.3
55,1774113788.072372,0,0.6524521193888467,22.0,25.525229173588745,26.40653646698593,315.73563581665405,0.3
56,1774113788.122584,0,0.6445887637416002,22.0,25.55517737715469,26.44397172144336,313.37662912248004,0.3
57,1774113788.122742,0,0.49637689992455136,22.0,25.538254186008817,26.42281773251102,268.9130699773654,0.3
58,1774113788.122901,0,0.5414040833525361,22.0,25.53619977445947,26.420249718074334,282.4212250057608,0.3
59,1774113788.123055,0,0.5957075644454118,22.0,25.55060158192655,26.438251977408186,298.71226933362357,0.3
60,1774113788.123201,0,0.6503274520530451,22.0,25.580231450355566,26.475289312944458,315.0982356159135,0.3
61,1774113788.173756,0,0.5286279124246978,22.0,25.57096921547439,26.463711519342986,278.58837372740936,0.3
62,1774113788.173914,0,0.5537766935662682,22.0,25.56999629862013,26.46249537327516,286.1330080698805,0.3
63,1774113788.174064,0,0.47692997181573193,22.0,25.546047587755787,26.432559484694735,263.07899154471954,0.3
64,1774113788.174204,0,0.4698673290537598,22.0,25.52190556041635,26.40238195052044,260.96019871612793,0.3
65,1774113788.174348,0,0.6390838955628562,22.0,25.550469522027733,26.438086902534668,311.72516866885684,0.3
66,1774113788.226913,0,0.6852353467441115,22.0,25.590582376479936,26.488227970599922,325.57060402323344,0.3
67,1774113788.22706,0,0.565738160905658,22.0,25.591621001682647,26.48952625210331,289.7214482716974,0.3
68,1774113788.227209,0,0.6565559226451236,22.0,25.6198214499409,26.524776812426126,316.96677679353706,0.3
69,1774113788.227349,0,0.6031050075451093,22.0,25.629719307629184,26.53714913453648,300.9315022635328,0.3
70,1774113788.227494,0,0.5190021715464876,22.0,25.613590526759744,26.51698815844968,275.7006514639463,0.3
71,1774113788.281309,0,0.6040102920969683,22.0,25.624260936037352,26.530326170046692,301.20308762909053,0.3
72,1774113788.28146,0,0.7033050978444335,22.0,25.663861886133283,26.579827357666602,330.99152935333007,0.3
73,1774113788.281609,0,0.5715536930330525,22.0,25.660753498398083,26.575941872997603,291.46610790991576,0.3
74,1774113788.281749,0,0.7064422451885983,22.0,25.698361590683454,26.62295198835432,331.9326735565795,0.3
75,1774113788.281898,0,0.35539868595415025,22.0,25.62763292457875,26.53454115572344,226.61960578624507,0.3
76,1774113788.350467,0,0.6449381359689188,22.0,25.649452678233295,26.561815847791618,313.4814407906756,0.3
77,1774113788.350641,0,0.5836472404386395,22.0,25.65113085503493,26.563913568793662,295.09417213159185,0.3
78,1774113788.350789,0,0.5516514968785085,22.0,25.643075383353672,26.55384422919209,285.49544906355254,0.3
79,1774113788.350936,0,0.5849046703810068,22.0,25.64564352364634,26.557054404557924,295.471401114302,0.3
80,1774113788.351078,0,0.4106654075185815,22.0,25.59573340660075,26.494666758250936,243.19962225557447,0.3
81,1774113788.426885,0,0.5595889268756205,22.0,25.594513118772735,26.49314139846592,287.8766780626861,0.3
82,1774113788.42705,0,0.6084546864691953,22.0,25.608050669964165,26.510063337455207,302.5364059407586,0.3
83,1774113788.427202,0,0.7030118495419011,22.0,25.64886695096162,26.561083688702023,330.90355486257033,0.3
84,1774113788.427347,0,0.5357411839316113,22.0,25.636220403283787,26.545275504104733,280.72235517948343,0.3
85,1774113788.427495,0,0.5117651245552237,22.0,25.617397820226337,26.521747275282923,273.5295373665671,0.3
86,1774113788.519467,0,0.5379292326473165,22.0,25.607937805274336,26.50992225659292,281.37876979419497,0.3
87,1774113788.519617,0,0.6573643316606909,22.0,25.635068905228486,26.543836131535606,317.20929949820726,0.3
88,1774113788.519775,0,0.6084748294329438,22.0,25.645351814077998,26.556689767597497,302.54244882988314,0.3
89,1774113788.519915,0,0.5367444756175068,22.0,25.63328887091138,26.541611088639222,281.02334268525203,0.3
90,1774113788.52005,0,0.6247387692331313,22.0,25.648594076460043,26.560742595575054,307.4216307699394,0.3
91,1774113788.608916,0,0.5901541287228844,22.0,25.652293351329522,26.565366689161902,297.04623861686537,0.3
92,1774113788.609076,0,0.6637364035861597,22.0,25.677769886958476,26.597212358698094,319.12092107584795,0.3
93,1774113788.609231,0,0.5237636373164843,22.0,25.65920627924196,26.57400784905245,277.1290911949453,0.3
94,1774113788.60937,0,0.5555735761388141,22.0,25.65167816723255,26.564597709040687,286.6720728416442,0.3
95,1774113788.609523,0,0.5505164011612056,22.0,25.643238162935415,26.55404770366927,285.15492034836166,0.3
96,1774113788.695452,0,0.46086967464426454,22.0,25.60858271702869,26.51072839628586,258.26090239327937,0.3
97,1774113788.695605,0,0.6090255973714842,22.0,25.621160345791026,26.526450432238782,302.7076792114452,0.3
98,1774113788.695754,0,0.6064217856634178,22.0,25.631945589688453,26.539931987110567,301.9265356990253,0.3
99,1774113788.695911,0,0.585259372587485,22.0,25.63551497605375,26.544393720067184,295.5778117762455,0.3
100,1774113788.696048,0,0.5654562395125189,22.0,25.632856443832782,26.541070554790977,289.6368718537557,0.3
101,1774113788.771476,0,0.466597116756239,22.0,25.600753920775496,26.50094240096937,259.9791350268717,0.3
102,1774113788.771627,0,0.5504757035647908,22.0,25.596396016614584,26.49549502076823,285.14271106943727,0.3
103,1774113788.77177,0,0.5573384619287132,22.0,25.594447315457387,26.493059144321734,287.20153857861396,0.3
104,1774113788.77191,0,0.5190466487367003,22.0,25.581167745915625,26.47645968239453,275.7139946210101,0.3
105,1774113788.772049,0,0.5731962538546556,22.0,25.585200735300404,26.481500919125505,291.9588761563966,0.3
106,1774113788.830065,0,0.6209856655080622,22.0,25.603246295834673,26.50405786979334,306.29569965241865,0.3
107,1774113788.830221,0,0.7457809446423838,22.0,25.65727957704228,26.57159947130285,343.73428339271516,0.3
108,1774113788.830363,0,0.6022965665343554,22.0,25.663923269008386,26.579904086260484,300.6889699603066,0.3
109,1774113788.83052,0,0.6095517012338091,22.0,25.672209348550258,26.59026168568782,302.8655103701427,0.3
110,1774113788.830661,0,0.5819441579426112,22.0,25.6715469643096,26.589433705387,294.5832473827834,0.3
111,1774113788.889692,0,0.4272956595185667,22.0,25.624543286234676,26.530679107793347,248.18869785557,0.3
112,1774113788.889844,0,0.5865147556030686,22.0,25.62908443270233,26.536355540877913,295.9544266809206,0.3
113,1774113788.889989,0,0.5940653641656366,22.0,25.635525653562755,26.544407066953443,298.21960924969096,0.3
114,1774113788.890129,0,0.7961770688114935,22.0,25.702082511659757,26.627603139574695,358.85312064344805,0.3
115,1774113788.890266,0,0.5733596887253387,22.0,25.696442984339914,26.62055373042489,292.00790661760163,0.3
116,1774113788.951398,0,0.6150958131716547,22.0,25.70377771235048,26.6297221404381,304.5287439514964,0.3
117,1774113788.95156,0,0.5870923978710656,22.0,25.70212170363882,26.627652129548526,296.1277193613197,0.3
118,1774113788.951708,0,0.49207608070412745,22.0,25.6720939428775,26.590117428596873,267.62282421123825,0.3
119,1774113788.951851,0,0.686473477163743,22.0,25.70279963301927,26.62849954127409,325.9420431491229,0.3
120,1774113788.95199,0,0.6538645127806391,22.0,25.72125389635871,26.65156737044839,316.15935383419173,0.3
121,1774113789.01101,0,0.6573690287096495,22.0,25.739275791704365,26.67409473963046,317.21070861289485,0.3
122,1774113789.011162,0,0.5147484138904451,22.0,25.71306254221847,26.641328177773087,274.42452416713354,0.3
123,1774113789.011306,0,0.7091806834977764,22.0,25.747286518873437,26.684108148591797,332.7542050493329,0.3
124,1774113789.011453,0,0.4737938388413503,22.0,25.708142834408417,26.63517854301052,262.1381516524051,0.3
125,1774113789.011597,0,0.641043035846195,22.0,25.72232106127584,26.652901326594797,312.31291075385855,0.3
126,1774113789.074822,0,0.7759373497293733,22.0,25.775827652868074,26.719784566085092,352.781204918812,0.3
127,1774113789.074971,0,0.5089203691844532,22.0,25.74492722033282,26.681159025416022,272.6761107553359,0.3
128,1774113789.075114,0,0.5447370420484487,22.0,25.727256184432594,26.659070230540742,283.42111261453465,0.3
129,1774113789.075256,0,0.6008516662847154,22.0,25.727840287089627,26.659800358862036,300.2554998854146,0.3
130,1774113789.075394,0,0.5503581489066036,22.0,25.713229372679603,26.641536715849504,285.10744467198106,0.3
131,1774113789.139839,0,0.46255776291547646,22.0,25.673453059990806,26.591816324988507,258.76732887464294,0.3
132,1774113789.139985,0,0.5987303869804703,22.0,25.677726550061685,26.597158187577108,299.6191160941411,0.3
133,1774113789.140123,0,0.5038893940541032,22.0,25.653204153652958,26.5665051920662,271.1668182162309,0.3
134,1774113789.140261,0,0.633050666848618,22.0,25.669401739753845,26.586752174692307,309.9152000545854,0.3
135,1774113789.140396,0,0.5161774368260797,22.0,25.64923507092546,26.561543838656824,274.8532310478239,0.3
136,1774113789.200569,0,0.7237378914910728,22.0,25.692957938670375,26.61619742333797,337.12136744732186,0.3
137,1774113789.200735,0,0.5278785995898752,22.0,25.67440770027824,26.5930096253478,278.36357987696255,0.3
138,1774113789.200889,0,0.5667413163226401,22.0,25.669007716072663,26.586259645090827,290.02239489679204,0.3
139,1774113789.201049,0,0.6622466580813939,22.0,25.69269349312484,26.615866866406048,318.6739974244182,0.3
140,1774113789.201194,0,0.49062944630822436,22.0,25.662989770170068,26.578737212712586,267.1888338924673,0.3
141,1774113789.272384,0,0.6132336183060545,22.0,25.67245547814021,26.590569347675263,303.97008549181635,0.3
142,1774113789.272539,0,0.7040259974205549,22.0,25.708397856923902,26.63549732115488,331.20779922616646,0.3
143,1774113789.272685,0,0.4592905140679601,22.0,25.66802982344761,26.585037279309514,257.78715422038806,0.3
144,1774113789.272826,0,0.6099155177369442,22.0,25.676094880963507,26.595118601204383,302.9746553210832,0.3
145,1774113789.272959,0,0.6163176556083688,22.0,25.685432149216552,26.60679018652069,304.89529668251066,0.3
146,1774113789.335002,0,0.6602359006915494,22.0,25.707194174627006,26.633992718283757,318.0707702074648,0.3
147,1774113789.335172,0,0.49072824209093985,22.0,25.676354235614276,26.595442794517844,267.2184726272819,0.3
148,1774113789.335321,0,0.4837771054875757,22.0,25.64590848671716,26.55738560839645,265.1331316462727,0.3
149,1774113789.335473,0,0.6385959421840778,22.0,25.664356227040322,26.580445283800405,311.57878265522334,0.3
150,1774113789.335621,0,0.6197509776741763,22.0,25.675667279688533,26.594584099610667,305.9252933022529,0.3
151,1774113789.401852,0,0.6158910986252969,22.0,25.684910959989164,26.606138699986456,304.7673295875891,0.3
152,1774113789.402001,0,0.6239907979475988,22.0,25.695841358190314,26.619801697737895,307.19723938427967,0.3
153,1774113789.402153,0,0.5378005320259418,22.0,25.680035872599596,26.600044840749497,281.34015960778254,0.3
154,1774113789.402301,0,0.6144593872778129,22.0,25.688498804625933,26.610623505782417,304.3378161833439,0.3
155,1774113789.402453,0,0.619589637593418,22.0,25.697820392012034,26.622275490015042,305.87689127802537,0.3
156,1774113789.481884,0,0.5349815067371466,22.0,25.68101008451541,26.601262605644262,280.49445202114396,0.3
157,1774113789.482035,0,0.7517215621499576,22.0,25.730573342365357,26.663216677956697,345.5164686449873,0.3
158,1774113789.482191,0,0.6348019463325002,22.0,25.741075829538936,26.676344786923668,310.4405838997501,0.3
159,1774113789.48233,0,0.4949279650249019,22.0,25.708771722351475,26.635964652939343,268.4783895074705,0.3
160,1774113789.482473,0,0.6501394400332992,22.0,25.725628307884406,26.657035384855508,315.0418320099898,0.3
161,1774113789.569664,0,0.5131011558833953,22.0,25.70001813869552,26.625022673369397,273.9303467650186,0.3
162,1774113789.569821,0,0.6610690047796495,22.0,25.720857381778295,26.651071727222867,318.32070143389484,0.3
163,1774113789.569961,0,0.6922494132448533,22.0,25.749375272256774,26.686719090320967,327.674823973456,0.3
164,1774113789.570102,0,0.5259575637211144,22.0,25.725712769483664,26.65714096185458,277.7872691163343,0.3
165,1774113789.570235,0,0.6757799777356734,22.0,25.74889945613788,26.68612432017235,322.73399332070204,0.3
166,1774113789.658941,0,0.6294854995699011,22.0,25.756333589735366,26.695416987169207,308.8456498709703,0.3
167,1774113789.659099,0,0.6638144928345293,22.0,25.773468716971003,26.71683589621375,319.1443478503588,0.3
168,1774113789.65924,0,0.7540356115315423,22.0,25.816292515585996,26.770365644482496,346.2106834594627,0.3
169,1774113789.659384,0,0.5740299903876435,22.0,25.801671594449175,26.75208949306147,292.20899711629306,0.3
170,1774113789.659529,0,0.5312603812596179,22.0,25.775395312633346,26.719244140791684,279.37811437788537,0.3
171,1774113789.750698,0,0.5197806765386042,22.0,25.74778773245921,26.68473466557401,275.93420296158126,0.3
172,1774113789.750864,0,0.5258915443122727,22.0,25.72423306206317,26.65529132757896,277.76746329368177,0.3
173,1774113789.751017,0,0.5878568423694973,22.0,25.72116177658414,26.651452220730175,296.3570527108492,0.3
174,1774113789.75116,0,0.6228979962666411,22.0,25.728849768626766,26.66106221078346,306.86939887999233,0.3
175,1774113789.751307,0,0.6173851778738548,22.0,25.73426580059133,26.667832250739163,305.21555336215647,0.3
176,1774113789.8185,0,0.6635225497314622,22.0,25.753087595143224,26.69135949392903,319.05676491943865,0.3
177,1774113789.818663,0,0.5950214179460014,22.0,25.74984577787751,26.687307222346888,298.50642538380043,0.3
178,1774113789.818814,0,0.7159103308484973,22.0,25.78313127659071,26.728914095738386,334.77309925454915,0.3
179,1774113789.818952,0,0.5714606224164943,22.0,25.770405708677764,26.713007135847207,291.4381867249483,0.3
180,1774113789.819093,0,0.8220584653124794,22.0,25.833882629293818,26.79235328661727,366.6175395937438,0.3
181,1774113789.886449,0,0.6459869150649522,22.0,25.83943454041808,26.7992931755226,313.79607451948567,0.3
182,1774113789.886608,0,0.5212903826103712,22.0,25.807131118151577,26.75891389768947,276.3871147831114,0.3
183,1774113789.886768,0,0.503191577895694,22.0,25.771995249620897,26.714994062026122,270.9574733687082,0.3
184,1774113789.886918,0,0.6335233463904254,22.0,25.778783835468506,26.72347979433563,310.05700391712764,0.3
185,1774113789.887065,0,0.5740681058017754,22.0,25.76719004683737,26.708987558546713,292.2204317405326,0.3
186,1774113789.957852,0,0.6526525536822537,22.0,25.780103733176322,26.7251296664704,315.7957661046761,0.3
187,1774113789.958004,0,0.6322602374489127,22.0,25.78586146426362,26.732326830329523,309.6780712346738,0.3
188,1774113789.958166,0,0.5862166623479993,22.0,25.777343201241223,26.72167900155153,295.8649987043998,0.3
189,1774113789.958322,0,0.5210238993385498,22.0,25.749951977662995,26.687439972078742,276.3071698015649,0.3
190,1774113789.958472,0,0.4647219700182652,22.0,25.70787242966437,26.63484053708046,259.4165910054796,0.3
191,1774113790.028609,0,0.5542707492876151,22.0,25.69604071110564,26.620050888882048,286.2812247862845,0.3
192,1774113790.028774,0,0.6635186946005723,22.0,25.71793464631292,26.647418307891147,319.0556083801717,0.3
193,1774113790.028925,0,0.6093626029280567,22.0,25.721821481627778,26.65227685203472,302.808780878417,0.3
194,1774113790.029065,0,0.4865285657271714,22.0,25.688545604223055,26.610682005278818,265.9585697181514,0.3
195,1774113790.0292,0,0.6055040986128314,22.0,25.69363776722737,26.61704720903421,301.6512295838494,0.3
196,1774113790.094158,0,0.6231042427974545,22.0,25.703600563581524,26.629500704476907,306.9312728392363,0.3
197,1774113790.094322,0,0.5162686666063949,22.0,25.68071167825149,26.600889597814362,274.88059998191846,0.3
198,1774113790.094478,0,0.6031951572709081,22.0,25.685741006501342,26.607176258126678,300.9585471812724,0.3
199,1774113790.094623,0,0.5949358096663726,22.0,25.687888172478544,26.609860215598182,298.4807428999118,0.3
200,1774113790.094769,0,0.49379529666270117,22.0,25.65952055241008,26.5744006905126,268.13858899881035,0.3
201,1774113790.169034,0,0.6196119838787966,22.0,25.67117869515995,26.588973368949937,305.883595163639,0.3
202,1774113790.169186,0,0.6364113340144437,22.0,25.68693932827342,26.608674160341778,310.9234002043331,0.3
203,1774113790.169331,0,0.6800238959180809,22.0,25.71451657505566,26.64314571881958,324.00716877542425,0.3
204,1774113790.169479,0,0.6773037168400255,22.0,25.739060557473195,26.673825696841494,323.19111505200766,0.3
205,1774113790.169619,0,0.47279149214880717,22.0,25.70027753629699,26.62534692037124,261.8374476446421,0.3
206,1774113790.241365,0,0.5094644387651323,22.0,25.675614554008256,26.594518192510318,272.8393316295397,0.3
207,1774113790.241531,0,0.6312254034944859,22.0,25.689462764914335,26.61182845614292,309.36762104834577,0.3
208,1774113790.241678,0,0.6308358636565703,22.0,25.702080717712196,26.627600897140244,309.2507590969711,0.3
209,1774113790.241823,0,0.630651984420159,22.0,25.71362902333418,26.642036279167726,309.19559532604774,0.3
210,1774113790.241965,0,0.9020928750067367,22.0,25.805681112360134,26.757101390450167,390.627862502021,0.3
211,1774113790.31446,0,0.6347473648971584,22.0,25.810128560395526,26.762660700494408,310.4242094691475,0.3
212,1774113790.314612,0,0.6818745835532588,22.0,25.828356599205705,26.78544574900713,324.5623750659777,0.3
213,1774113790.314754,0,0.6663125770266016,22.0,25.840450501737546,26.800563127171934,319.89377310798045,0.3
214,1774113790.314892,0,0.6405775355177012,22.0,25.84385154205316,26.80481442756645,312.1732606553104,0.3
215,1774113790.315026,0,0.5590572093484097,22.0,25.822523040876607,26.77815380109576,287.7171628045229,0.3
216,1774113790.390336,0,0.6489673419693444,22.0,25.82988239098093,26.787352988726163,314.6902025908033,0.3
217,1774113790.390498,0,0.519965689625565,22.0,25.797949553633735,26.747436942042167,275.9897068876695,0.3
218,1774113790.390642,0,0.5646543366201757,22.0,25.781990710507635,26.727488388134542,289.3963009860527,0.3
219,1774113790.390784,0,0.5434356988396378,22.0,25.760949367034712,26.70118670879339,283.03070965189136,0.3
220,1774113790.390923,0,0.5907378812539988,22.0,25.755790402301322,26.69473800287665,297.22136437619963,0.3
221,1774113790.468025,0,0.7779411038297501,22.0,25.80720718510522,26.759008981381523,353.382331148925,0.3
222,1774113790.468182,0,0.426303987797098,22.0,25.74899892376189,26.68624865470236,247.8911963391294,0.3
223,1774113790.468328,0,0.6404397843256243,22.0,25.759711345589118,26.6996391819864,312.1319352976873,0.3
224,1774113790.468477,0,0.44696068016058954,22.0,25.71151875745193,26.639398446814912,254.08820404817686,0.3
225,1774113790.468628,0,0.5424166787787528,22.0,25.69583765298642,26.619797066233026,282.7250036336258,0.3
226,1774113790.563459,0,0.673156241958534,22.0,25.720639178273874,26.650798972842342,321.94687258756016,0.3
227,1774113790.563617,0,0.5867046813252265,22.0,25.717511192738222,26.64688899092278,296.01140439756796,0.3
228,1774113790.563767,0,0.49039073580569353,22.0,25.685740513583777,26.607175641979723,267.117220741708,0.3
229,1774113790.563908,0,0.520447330913018,22.0,25.665541175565547,26.581926469456935,276.1341992739054,0.3
230,1774113790.564046,0,0.637226045494163,22.0,25.681999478698327,26.60249934837291,311.16781364824885,0.3
231,1774113790.663601,0,0.5183915156663637,22.0,25.661484175310893,26.576855219138615,275.5174546999091,0.3
232,1774113790.663753,0,0.5975228382084541,22.0,25.666357699078432,26.58294712384804,299.25685146253625,0.3
233,1774113790.663901,0,0.5827619211937355,22.0,25.666411116430645,26.583013895538308,294.82857635812064,0.3
234,1774113790.664042,0,0.5237886340491206,22.0,25.64876825288436,26.560960316105447,277.1365902147362,0.3
235,1774113790.664179,0,0.7581991910874749,22.0,25.702867042678697,26.628583803348373,347.4597573262425,0.3
236,1774113790.765927,0,0.6309375990421637,22.0,25.71443781215998,26.643047265199975,309.2812797126491,0.3
237,1774113790.766076,0,0.40715266866697164,22.0,25.65794281266241,26.572428515828012,242.1458006000915,0.3
238,1774113790.766216,0,0.5924988267362282,22.0,25.66159385854522,26.576992323181525,297.74964802086845,0.3
239,1774113790.766356,0,0.5208144359728716,22.0,25.643446043110046,26.554307553887558,276.24433079186144,0.3
240,1774113790.766506,0,0.6475725934387211,22.0,25.664784759275612,26.580980949094517,314.27177803161635,0.3
241,1774113790.849537,0,0.5089560488047222,22.0,25.64282287927127,26.553528599089088,272.6868146414167,0.3
242,1774113790.849695,0,0.56544547452177,22.0,25.63957356213439,26.549466952667988,289.633642356531,0.3
243,1774113790.849838,0,0.6170538035111105,22.0,25.65206798879212,26.565084985990147,305.11614105333314,0.3
244,1774113790.849973,0,0.646905881404626,22.0,25.672513486914617,26.590641858643274,314.0717644213878,0.3
245,1774113790.850111,0,0.47290120170737704,22.0,25.639113763078896,26.54889220384862,261.8703605122131,0.3
246,1774113790.930553,0,0.5451677783174305,22.0,25.63007935002258,26.537599187528226,283.5503334952291,0.3
247,1774113790.930717,0,0.5329064316622333,22.0,25.618092899779434,26.522616124724294,279.87192949866994,0.3
248,1774113790.930872,0,0.5174543577829664,22.0,25.60243453797206,26.503043172465073,275.23630733488994,0.3
249,1774113790.931011,0,0.7201606116519548,22.0,25.648846984614693,26.561058730768366,336.04818349558644,0.3
250,1774113790.931187,0,0.6054056751234191,22.0,25.657101389588696,26.571376736985872,301.6217025370257,0.3
251,1774113791.009589,0,0.46499407648209357,22.0,25.622568660810394,26.528210826012995,259.4982229446281,0.3
252,1774113791.009739,0,0.6475262586394359,22.0,25.64557201807307,26.55696502259134,314.2578775918308,0.3
253,1774113791.00989,0,0.7482009595205061,22.0,25.696928315676146,26.621160394595183,344.4602878561518,0.3
254,1774113791.010033,0,0.6561774107875706,22.0,25.716548502332053,26.645685627915068,316.8532232362712,0.3
255,1774113791.010175,0,0.4413302966867851,22.0,25.670137091750593,26.58767136468824,252.39908900603552,0.3
256,1774113791.087557,0,0.5277853609227199,22.0,25.653393677850662,26.566742097313327,278.33560827681595,0.3
257,1774113791.087707,0,0.6743818627173039,22.0,25.68197538496666,26.602469231208325,322.31455881519116,0.3
258,1774113791.087862,0,0.5080140981106418,22.0,25.658348793448532,26.572935991810667,272.40422943319254,0.3
259,1774113791.088004,0,0.6042329264176205,22.0,25.66548742838056,26.581859285475698,301.26987792528615,0.3
260,1774113791.088139,0,0.6315119209893009,22.0,25.68023581543555,26.60029476929444,309.4535762967903,0.3
261,1774113791.168905,0,0.48806792269672883,22.0,25.65076523268355,26.56345654085444,266.42037680901865,0.3
262,1774113791.16907,0,0.560414281225692,22.0,25.645367992343502,26.556709990429376,288.1242843677076,0.3
263,1774113791.169211,0,0.2926292419789082,22.0,25.560069178352755,26.450086472940946,207.78877259367246,0.3
264,1774113791.169353,0,0.47832543453751564,22.0,25.53733724677445,26.421671558468063,263.49763036125466,0.3
265,1774113791.169506,0,0.5426336321822934,22.0,25.535725421788474,26.41965677723559,282.790089654688,0.3
266,1774113791.248905,0,0.45850804519234567,22.0,25.509005511434385,26.38625688929298,257.5524135577037,0.3
267,1774113791.249055,0,0.6999140254260781,22.0,25.55685567594288,26.446069594928602,329.9742076278234,0.3
268,1774113791.249205,0,0.44212646444112524,22.0,25.52352241892941,26.404403023661764,252.63793933233757,0.3
269,1774113791.249352,0,0.5247587417899656,22.0,25.517658838984477,26.397073548730596,277.4276225369897,0.3
270,1774113791.249499,0,0.5721661534216392,22.0,25.526488914356616,26.40811114294577,291.6498460264918,0.3
271,1774113791.329111,0,0.6817097490955835,22.0,25.56747213037102,26.459340162963773,324.51292472867505,0.3
272,1774113791.329271,0,0.4394866557414666,22.0,25.53249336781163,26.415616709764535,251.84599672244,0.3
273,1774113791.329422,0,0.6572586053613376,22.0,25.565658482647976,26.45707310330997,317.1775816084013,0.3
274,1774113791.329576,0,0.5598637457811905,22.0,25.566938664377435,26.458673330471793,287.95912373435715,0.3
275,1774113791.329719,0,0.47600636004587926,22.0,25.542958703775252,26.428698379719066,262.80190801376375,0.3
276,1774113791.412551,0,0.5967163513612547,22.0,25.5571197294001,26.446399661750124,299.0149054083764,0.3
277,1774113791.4127,0,0.5740649567936749,22.0,25.563346790194434,26.45418348774304,292.21948703810244,0.3
278,1774113791.412841,0,0.5063677731509113,22.0,25.548764040208074,26.43595505026009,271.91033194527336,0.3
279,1774113791.412992,0,0.5620892358572301,22.0,25.552070182132514,26.44008772766564,288.6267707571691,0.3
280,1774113791.413134,0,0.5232972658991155,22.0,25.543472919258797,26.429341149073494,276.9891797697346,0.3
281,1774113791.498505,0,0.564634746010459,22.0,25.547968120353524,26.434960150441906,289.3904238031377,0.3
282,1774113791.498662,0,0.6101519367308216,22.0,25.565757064496346,26.457196330620434,303.04558101924647,0.3
283,1774113791.498803,0,0.6871900904092327,22.0,25.605227223633612,26.506534029542014,326.1570271227698,0.3
284,1774113791.49895,0,0.44941799728155607,22.0,25.570192354037935,26.462740442547418,254.82539918446682,0.3
285,1774113791.49909,0,0.7319972845495363,22.0,25.622748074138144,26.52843509267268,339.5991853648609,0.3
286,1774113791.612701,0,0.3882733055806626,22.0,25.56796112065164,26.459951400814546,236.48199167419878,0.3
287,1774113791.612862,0,0.5389232075660062,22.0,25.562774008821044,26.453467511026307,281.67696226980183,0.3
288,1774113791.613004,0,0.6005146084004815,22.0,25.576481361031977,26.470601701289972,300.15438252014445,0.3
289,1774113791.613149,0,0.5741204778694095,22.0,25.58116840296583,26.476460503707287,292.23614336082284,0.3
290,1774113791.613299,0,0.49763004753545925,22.0,25.562531477628013,26.453164347035017,269.28901426063777,0.3
291,1774113791.7245,0,0.5318726907228278,22.0,25.55566575404357,26.444582192554464,279.56180721684836,0.3
292,1774113791.724655,0,0.5073595983099339,22.0,25.541998106911446,26.42749763363931,272.20787949298017,0.3
293,1774113791.724814,0,0.49868037715019325,22.0,25.526825572260826,26.40853196532603,269.60411314505797,0.3
294,1774113791.724955,0,0.61896761410482,22.0,25.5489590804825,26.436198850603127,305.690284231446,0.3
295,1774113791.725138,0,0.5770030999043703,22.0,25.55672370038302,26.445904625478775,293.1009299713111,0.3
296,1774113791.833629,0,0.48822095283976674,22.0,25.537229400724154,26.421536750905194,266.46628585193,0.3
297,1774113791.833797,0,0.621402165610047,22.0,25.559256806588948,26.449071008236185,306.4206496830141,0.3
298,1774113791.83395,0,0.5710582694907039,22.0,25.56441004018641,26.45551255023301,291.3174808472112,0.3
299,1774113791.83409,0,0.6129338368805199,22.0,25.581711624019576,26.47713953002447,303.880151064156,0.3
300,1774113791.834233,0,0.596949585446764,22.0,25.59282688508243,26.49103360635304,299.08487563402923,0.3
301,1774113791.931664,0,0.47383161956613795,22.0,25.566113089391642,26.457641361739554,262.1494858698414,0.3
302,1774113791.931816,0,0.4958175841524656,22.0,25.548142872250295,26.43517859031287,268.74527524573966,0.3
303,1774113791.931963,0,0.6050502581321917,22.0,25.564387262761027,26.455484078451285,301.5150774396575,0.3
304,1774113791.932106,0,0.5929527736176101,22.0,25.575696358920325,26.469620448650407,297.885832085283,0.3
305,1774113791.932248,0,0.5393293452860077,22.0,25.570009175248934,26.462511469061166,281.7988035858023,0.3
306,1774113792.033488,0,0.550343378731884,22.0,25.568083451178484,26.460104313973105,285.1030136195652,0.3
307,1774113792.033638,0,0.6472139803518439,22.0,25.595373735809286,26.49421716976161,314.1641941055532,0.3
308,1774113792.033779,0,0.4895998940062409,22.0,25.57318565565209,26.466482069565114,266.87996820187226,0.3
309,1774113792.033919,0,0.584649403064078,22.0,25.58129634985689,26.47662043732111,295.39482091922343,0.3
310,1774113792.034057,0,0.521110003299465,22.0,25.56969312431823,26.46211640539779,276.3330009898395,0.3
311,1774113792.125623,0,0.5192096186749109,22.0,25.55845268272552,26.4480658534069,275.76288560247326,0.3
312,1774113792.125774,0,0.6291924994731112,22.0,25.58111083687632,26.4763885460954,308.75774984193333,0.3
313,1774113792.125916,0,0.6056304318585604,22.0,25.59487865514903,26.49359831893629,301.6891295575681,0.3
314,1774113792.126054,0,0.6040303530602231,22.0,25.607059517193115,26.508824396491395,301.20910591806694,0.3
315,1774113792.126191,0,0.6447557789759528,22.0,25.630478665703574,26.53809833212947,313.4267336927859,0.3
316,1774113792.211018,0,0.5362598878551228,22.0,25.619466147337544,26.52433268417193,280.87796635653683,0.3
317,1774113792.211166,0,0.5911796711727937,22.0,25.625814970443443,26.532268713054304,297.3539013518381,0.3
318,1774113792.211306,0,0.5072333808931335,22.0,25.60646946108773,26.508086826359662,272.17001426794,0.3
319,1774113792.211441,0,0.559926099338715,22.0,25.604487146217892,26.505608932772365,287.97782980161446,0.3
320,1774113792.211585,0,0.5211646768310096,22.0,25.591035782711277,26.488794728389095,276.3494030493029,0.3
321,1774113792.318888,0,0.5396452124537335,22.0,25.58421006951741,26.480262586896764,281.8935637361201,0.3
322,1774113792.319037,0,0.5808919497694378,22.0,25.59030716485904,26.4878839560738,294.26758493083133,0.3
323,1774113792.319176,0,0.4615698406001364,22.0,25.560117420984415,26.45014677623052,258.4709521800409,0.3
324,1774113792.319314,0,0.7054629974666222,22.0,25.605522879577254,26.506903599471567,331.6388992399867,0.3
325,1774113792.319457,0,0.44459962432931854,22.0,25.56901872735804,26.46127340919755,253.37988729879555,0.3
326,1774113792.412616,0,0.42651644845402403,22.0,25.53002455621466,26.412530695268323,247.9549345362072,0.3
327,1774113792.412762,0,0.6251934620204966,22.0,25.55376862050115,26.442210775626435,307.558038606149,0.3
328,1774113792.4129,0,0.5938163804369038,22.0,25.566190537543925,26.457738171929908,298.1449141310711,0.3
329,1774113792.41304,0,0.5791481125961074,22.0,25.573213252104228,26.466516565130284,293.7444337788322,0.3
330,1774113792.413175,0,0.5789092323499403,22.0,25.57959967634003,26.474499595425037,293.6727697049821,0.3
331,1774113792.509117,0,0.5245065294322643,22.0,25.569151821191973,26.461439776489964,277.3519588296793,0.3
332,1774113792.509268,0,0.44957388639253704,22.0,25.537064180685896,26.42133022585737,254.87216591776112,0.3
333,1774113792.509413,0,0.5307198373978214,22.0,25.531900171778098,26.41487521472262,279.2159512193464,0.3
334,1774113792.509561,0,0.46688073642040845,22.0,25.50799961889326,26.384999523616575,260.0642209261225,0.3
335,1774113792.509699,0,0.6050835672310109,22.0,25.527481519703546,26.40935189962943,301.52507016930326,0.3
336,1774113792.639859,0,0.5102330616534163,22.0,25.516941924015406,26.396177405019255,273.0699184960249,0.3
337,1774113792.640014,0,0.4526577306461863,22.0,25.48997711251842,26.362471390648025,255.79731919385588,0.3
338,1774113792.640173,0,0.49441799799471553,22.0,25.477708352070355,26.347135440087943,268.3253993984147,0.3
339,1774113792.640319,0,0.5555169229173387,22.0,25.4847556774391,26.355944596798874,286.65507687520164,0.3
340,1774113792.640461,0,0.4728955073073879,22.0,25.46644997316521,26.333062466456514,261.86865219221636,0.3
341,1774113792.757609,0,0.45060102065080987,22.0,25.44292770151797,26.303659626897463,255.18030619524296,0.3
342,1774113792.757755,0,0.5395579570130142,22.0,25.44798370141983,26.309979626774787,281.86738710390426,0.3
343,1774113792.7579,0,0.5390877117537453,22.0,25.4524921253518,26.31561515668975,281.7263135261236,0.3
344,1774113792.758036,0,0.4753512305166374,22.0,25.437517127628503,26.29689640953563,262.6053691549912,0.3
345,1774113792.758179,0,0.4777928835831269,22.0,25.42447861564211,26.280598269552637,263.33786507493807,0.3
346,1774113792.874472,0,0.5362797039755357,22.0,25.430034446137146,26.28754305767143,280.8839111926607,0.3
347,1774113792.874634,0,0.39457765376804654,22.0,25.392632972798133,26.240791215997668,238.37329613041396,0.3
348,1774113792.874778,0,0.39742088893302063,22.0,25.35909154846507,26.19886443558134,239.2262666799062,0.3
349,1774113792.874921,0,0.45473157412155135,22.0,25.345440060204943,26.18180007525618,256.41947223646537,0.3
350,1774113792.87507,0,0.49658636258359556,22.0,25.345442588139544,26.18180323517443,268.97590877507866,0.3
351,1774113792.996377,0,0.5400692418488552,22.0,25.358489776607783,26.19811222075973,282.02077255465656,0.3
352,1774113792.996541,0,0.6373221162554442,22.0,25.399663833445153,26.24957979180644,311.19663487663325,0.3
353,1774113792.996685,0,0.584876950836301,22.0,25.42179394648705,26.277242433108814,295.4630852508903,0.3
354,1774113792.996827,0,0.49884227105333223,22.0,25.41633439450549,26.270417993131865,269.65268131599964,0.3
355,1774113792.996977,0,0.5101255834596703,22.0,25.414698784225152,26.26837348028144,273.03767503790107,0.3
356,1774113793.099435,0,0.4269586433332665,22.0,25.38824459497343,26.235305743716786,248.08759299997996,0.3
357,1774113793.099616,0,0.5090665544479742,22.0,25.38854969587196,26.235687119839948,272.71996633439227,0.3
358,1774113793.099763,0,0.4858273179244337,22.0,25.381858495701184,26.22732311962648,265.7481953773301,0.3
359,1774113793.099904,0,0.5366384808993846,22.0,25.390948616916624,26.23868577114578,280.9915442698154,0.3
360,1774113793.100053,0,0.43950074777644177,22.0,25.37016657244946,26.212708215561825,251.85022433293253,0.3
